index,lang_id
1,ssw
2,ssw
3,ssw
4,xho
5,ssw
6,eng
7,ssw
8,eng
9,eng
10,eng
11,eng
12,eng
13,ssw
14,zul
15,ssw
16,eng
17,eng
18,eng
19,eng
20,ssw
21,eng
22,ssw
23,ssw
24,eng
25,eng
26,eng
27,eng
28,eng
29,eng
30,xho
31,xho
32,xho
33,ssw
34,eng
35,eng
36,eng
37,eng
38,ssw
39,eng
40,eng
41,eng
42,eng
43,ssw
44,eng
45,eng
46,eng
47,nbl
48,eng
49,xho
50,eng
51,eng
52,eng
53,eng
54,xho
55,eng
56,ssw
57,eng
58,eng
59,eng
60,eng
61,eng
62,ssw
63,eng
64,eng
65,ssw
66,eng
67,eng
68,eng
69,eng
70,eng
71,eng
72,xho
73,eng
74,eng
75,eng
76,ssw
77,eng
78,nbl
79,eng
80,xho
81,eng
82,eng
83,ssw
84,eng
85,eng
86,eng
87,eng
88,ssw
89,ssw
90,ssw
91,eng
92,eng
93,xho
94,eng
95,ssw
96,eng
97,eng
98,xho
99,ssw
100,ssw
101,eng
102,eng
103,eng
104,eng
105,ssw
106,nbl
107,xho
108,eng
109,ssw
110,eng
111,eng
112,eng
113,eng
114,eng
115,ssw
116,xho
117,eng
118,eng
119,eng
120,eng
121,eng
122,ssw
123,ssw
124,nbl
125,eng
126,eng
127,eng
128,eng
129,eng
130,eng
131,ssw
132,ssw
133,eng
134,eng
135,eng
136,eng
137,eng
138,ssw
139,xho
140,eng
141,eng
142,ssw
143,eng
144,eng
145,ssw
146,nbl
147,eng
148,ssw
149,ssw
150,ssw
151,ssw
152,xho
153,ssw
154,eng
155,eng
156,ssw
157,eng
158,eng
159,eng
160,eng
161,zul
162,ssw
163,eng
164,eng
165,eng
166,eng
167,eng
168,eng
169,ssw
170,eng
171,ssw
172,eng
173,zul
174,eng
175,eng
176,eng
177,eng
178,eng
179,xho
180,ssw
181,eng
182,eng
183,eng
184,eng
185,eng
186,ssw
187,xho
188,eng
189,ssw
190,nbl
191,eng
192,ssw
193,eng
194,eng
195,eng
196,eng
197,eng
198,eng
199,xho
200,eng
201,eng
202,eng
203,ssw
204,ssw
205,eng
206,eng
207,eng
208,ssw
209,eng
210,eng
211,eng
212,ssw
213,eng
214,ssw
215,ssw
216,eng
217,ssw
218,xho
219,eng
220,xho
221,ssw
222,ssw
223,eng
224,eng
225,nbl
226,eng
227,zul
228,eng
229,eng
230,ssw
231,xho
232,nbl
233,ssw
234,ssw
235,eng
236,eng
237,eng
238,nbl
239,eng
240,eng
241,eng
242,eng
243,eng
244,eng
245,eng
246,eng
247,eng
248,eng
249,eng
250,eng
251,nbl
252,eng
253,eng
254,eng
255,eng
256,eng
257,xho
258,eng
259,nbl
260,ssw
261,nbl
262,eng
263,ssw
264,eng
265,ssw
266,xho
267,xho
268,xho
269,nbl
270,eng
271,eng
272,eng
273,ssw
274,ssw
275,ssw
276,eng
277,ssw
278,ssw
279,eng
280,zul
281,ssw
282,eng
283,ssw
284,eng
285,eng
286,eng
287,ssw
288,xho
289,xho
290,xho
291,zul
292,eng
293,xho
294,eng
295,eng
296,eng
297,ssw
298,eng
299,eng
300,zul
301,eng
302,eng
303,ssw
304,eng
305,ssw
306,eng
307,eng
308,eng
309,ssw
310,ssw
311,eng
312,eng
313,ssw
314,ssw
315,eng
316,nbl
317,eng
318,eng
319,ssw
320,eng
321,ssw
322,eng
323,eng
324,eng
325,ssw
326,eng
327,xho
328,ssw
329,ssw
330,eng
331,eng
332,eng
333,eng
334,eng
335,eng
336,eng
337,eng
338,nbl
339,ssw
340,eng
341,eng
342,eng
343,eng
344,ssw
345,eng
346,eng
347,ssw
348,ssw
349,eng
350,eng
351,nbl
352,eng
353,eng
354,ssw
355,eng
356,xho
357,ssw
358,eng
359,ssw
360,xho
361,eng
362,eng
363,ssw
364,ssw
365,xho
366,eng
367,eng
368,zul
369,eng
370,eng
371,eng
372,eng
373,xho
374,xho
375,eng
376,eng
377,eng
378,nbl
379,eng
380,eng
381,eng
382,xho
383,eng
384,eng
385,eng
386,ssw
387,ssw
388,eng
389,eng
390,ssw
391,eng
392,eng
393,eng
394,eng
395,ssw
396,eng
397,eng
398,ssw
399,eng
400,ssw
401,eng
402,ssw
403,eng
404,eng
405,zul
406,xho
407,eng
408,nbl
409,eng
410,eng
411,eng
412,ssw
413,eng
414,xho
415,eng
416,ssw
417,eng
418,eng
419,eng
420,ssw
421,eng
422,ssw
423,eng
424,eng
425,ssw
426,eng
427,eng
428,eng
429,eng
430,nbl
431,eng
432,eng
433,eng
434,eng
435,eng
436,nbl
437,eng
438,eng
439,eng
440,eng
441,eng
442,eng
443,eng
444,ssw
445,eng
446,eng
447,ssw
448,xho
449,eng
450,eng
451,ssw
452,eng
453,ssw
454,eng
455,ssw
456,ssw
457,eng
458,ssw
459,eng
460,ssw
461,eng
462,eng
463,eng
464,eng
465,ssw
466,ssw
467,eng
468,eng
469,eng
470,ssw
471,nbl
472,xho
473,eng
474,eng
475,eng
476,ssw
477,ssw
478,eng
479,ssw
480,ssw
481,eng
482,ssw
483,eng
484,eng
485,eng
486,eng
487,ssw
488,ssw
489,eng
490,eng
491,eng
492,eng
493,eng
494,ssw
495,eng
496,eng
497,ssw
498,eng
499,xho
500,ssw
501,eng
502,eng
503,ssw
504,ssw
505,ssw
506,eng
507,eng
508,eng
509,eng
510,eng
511,eng
512,xho
513,eng
514,ssw
515,eng
516,eng
517,eng
518,eng
519,ssw
520,ssw
521,eng
522,eng
523,ssw
524,ssw
525,eng
526,eng
527,eng
528,eng
529,eng
530,eng
531,eng
532,eng
533,eng
534,eng
535,eng
536,eng
537,eng
538,eng
539,ssw
540,ssw
541,ssw
542,eng
543,nbl
544,eng
545,ssw
546,ssw
547,ssw
548,ssw
549,eng
550,eng
551,eng
552,zul
553,zul
554,eng
555,eng
556,eng
557,eng
558,nbl
559,eng
560,ssw
561,ssw
562,xho
563,eng
564,ssw
565,xho
566,ssw
567,eng
568,ssw
569,eng
570,eng
571,eng
572,ssw
573,eng
574,eng
575,ssw
576,xho
577,eng
578,eng
579,eng
580,nbl
581,eng
582,eng
583,eng
584,ssw
585,ssw
586,ssw
587,nbl
588,ssw
589,eng
590,eng
591,zul
592,eng
593,ssw
594,eng
595,ssw
596,ssw
597,eng
598,ssw
599,ssw
600,ssw
601,eng
602,ssw
603,eng
604,eng
605,xho
606,ssw
607,ssw
608,eng
609,eng
610,eng
611,ssw
612,eng
613,xho
614,eng
615,eng
616,eng
617,ssw
618,eng
619,nbl
620,xho
621,nbl
622,eng
623,xho
624,ssw
625,eng
626,xho
627,nbl
628,ssw
629,ssw
630,xho
631,eng
632,ssw
633,eng
634,eng
635,eng
636,eng
637,eng
638,ssw
639,ssw
640,eng
641,eng
642,nbl
643,xho
644,ssw
645,eng
646,eng
647,eng
648,eng
649,zul
650,eng
651,eng
652,eng
653,ssw
654,eng
655,eng
656,eng
657,ssw
658,eng
659,eng
660,eng
661,ssw
662,eng
663,eng
664,eng
665,ssw
666,eng
667,eng
668,eng
669,eng
670,eng
671,eng
672,eng
673,eng
674,eng
675,eng
676,eng
677,eng
678,eng
679,eng
680,eng
681,eng
682,eng
683,ssw
684,eng
685,eng
686,ssw
687,eng
688,eng
689,eng
690,eng
691,xho
692,ssw
693,ssw
694,eng
695,ssw
696,eng
697,nso
698,eng
699,eng
700,eng
701,eng
702,ssw
703,ssw
704,ssw
705,eng
706,ssw
707,nbl
708,eng
709,ssw
710,eng
711,eng
712,ssw
713,ssw
714,xho
715,eng
716,ssw
717,eng
718,ssw
719,eng
720,eng
721,eng
722,ssw
723,eng
724,eng
725,ssw
726,eng
727,ssw
728,eng
729,ssw
730,eng
731,xho
732,eng
733,xho
734,eng
735,eng
736,eng
737,ssw
738,eng
739,eng
740,eng
741,eng
742,eng
743,eng
744,eng
745,eng
746,eng
747,eng
748,ssw
749,ssw
750,eng
751,eng
752,eng
753,ssw
754,eng
755,eng
756,eng
757,xho
758,xho
759,nbl
760,xho
761,ssw
762,eng
763,eng
764,ssw
765,eng
766,eng
767,ssw
768,eng
769,eng
770,xho
771,nbl
772,ssw
773,ssw
774,eng
775,eng
776,ssw
777,eng
778,eng
779,eng
780,eng
781,ssw
782,xho
783,eng
784,eng
785,eng
786,eng
787,eng
788,eng
789,ssw
790,ssw
791,xho
792,zul
793,eng
794,ssw
795,ssw
796,eng
797,ssw
798,ssw
799,xho
800,xho
801,eng
802,eng
803,eng
804,xho
805,zul
806,ssw
807,ssw
808,ssw
809,eng
810,eng
811,nbl
812,xho
813,eng
814,ssw
815,eng
816,eng
817,eng
818,eng
819,eng
820,eng
821,eng
822,ssw
823,xho
824,nbl
825,ssw
826,eng
827,ssw
828,eng
829,ssw
830,ssw
831,ssw
832,eng
833,eng
834,xho
835,nbl
836,eng
837,eng
838,eng
839,eng
840,eng
841,nbl
842,ssw
843,eng
844,eng
845,eng
846,ssw
847,ssw
848,eng
849,eng
850,ssw
851,ssw
852,eng
853,ssw
854,eng
855,ssw
856,eng
857,eng
858,eng
859,ssw
860,eng
861,eng
862,eng
863,eng
864,ssw
865,xho
866,eng
867,zul
868,eng
869,ssw
870,xho
871,ssw
872,ssw
873,eng
874,eng
875,eng
876,eng
877,eng
878,ssw
879,eng
880,eng
881,eng
882,eng
883,ssw
884,ssw
885,zul
886,eng
887,eng
888,eng
889,eng
890,eng
891,nbl
892,ssw
893,ssw
894,eng
895,eng
896,eng
897,ssw
898,eng
899,eng
900,ssw
901,ssw
902,eng
903,eng
904,xho
905,eng
906,ssw
907,eng
908,ssw
909,eng
910,ssw
911,eng
912,eng
913,eng
914,eng
915,eng
916,eng
917,ssw
918,eng
919,eng
920,xho
921,eng
922,eng
923,ssw
924,eng
925,ssw
926,ssw
927,ssw
928,eng
929,eng
930,eng
931,ssw
932,xho
933,ssw
934,eng
935,eng
936,ssw
937,xho
938,eng
939,eng
940,ssw
941,eng
942,eng
943,eng
944,eng
945,eng
946,eng
947,ssw
948,xho
949,ssw
950,nbl
951,xho
952,eng
953,ssw
954,ssw
955,eng
956,eng
957,ssw
958,eng
959,ssw
960,xho
961,eng
962,ssw
963,eng
964,ssw
965,eng
966,ssw
967,eng
968,ssw
969,eng
970,ssw
971,eng
972,ssw
973,xho
974,ssw
975,eng
976,eng
977,ssw
978,ssw
979,eng
980,eng
981,ssw
982,eng
983,eng
984,eng
985,eng
986,ssw
987,xho
988,ssw
989,eng
990,eng
991,eng
992,zul
993,eng
994,ssw
995,eng
996,ssw
997,eng
998,eng
999,ssw
1000,eng
1001,xho
1002,ssw
1003,eng
1004,ssw
1005,eng
1006,eng
1007,eng
1008,eng
1009,eng
1010,xho
1011,ssw
1012,eng
1013,ssw
1014,ssw
1015,eng
1016,eng
1017,ssw
1018,eng
1019,ssw
1020,ssw
1021,ssw
1022,eng
1023,eng
1024,ssw
1025,ssw
1026,eng
1027,eng
1028,eng
1029,xho
1030,eng
1031,eng
1032,eng
1033,eng
1034,ssw
1035,eng
1036,eng
1037,eng
1038,zul
1039,eng
1040,eng
1041,xho
1042,ssw
1043,eng
1044,eng
1045,ssw
1046,eng
1047,eng
1048,eng
1049,eng
1050,eng
1051,eng
1052,eng
1053,eng
1054,eng
1055,eng
1056,eng
1057,eng
1058,eng
1059,eng
1060,eng
1061,eng
1062,eng
1063,ssw
1064,eng
1065,eng
1066,eng
1067,xho
1068,ssw
1069,eng
1070,eng
1071,eng
1072,eng
1073,xho
1074,ssw
1075,ssw
1076,eng
1077,zul
1078,eng
1079,eng
1080,eng
1081,ssw
1082,ssw
1083,eng
1084,eng
1085,eng
1086,eng
1087,eng
1088,eng
1089,eng
1090,ssw
1091,ssw
1092,xho
1093,nbl
1094,ssw
1095,nbl
1096,ssw
1097,ssw
1098,ssw
1099,eng
1100,eng
1101,eng
1102,xho
1103,xho
1104,ssw
1105,ssw
1106,ssw
1107,eng
1108,eng
1109,ssw
1110,nbl
1111,eng
1112,eng
1113,zul
1114,zul
1115,xho
1116,eng
1117,eng
1118,ssw
1119,ssw
1120,ssw
1121,ssw
1122,eng
1123,eng
1124,eng
1125,ssw
1126,eng
1127,eng
1128,xho
1129,eng
1130,xho
1131,eng
1132,ssw
1133,eng
1134,ssw
1135,eng
1136,xho
1137,eng
1138,eng
1139,ssw
1140,nbl
1141,ssw
1142,eng
1143,ssw
1144,eng
1145,eng
1146,eng
1147,ssw
1148,eng
1149,eng
1150,ssw
1151,eng
1152,eng
1153,eng
1154,eng
1155,eng
1156,eng
1157,xho
1158,eng
1159,eng
1160,eng
1161,eng
1162,xho
1163,eng
1164,ssw
1165,nbl
1166,eng
1167,nbl
1168,ssw
1169,eng
1170,zul
1171,eng
1172,eng
1173,ssw
1174,ssw
1175,zul
1176,eng
1177,eng
1178,eng
1179,eng
1180,xho
1181,eng
1182,ssw
1183,ssw
1184,eng
1185,eng
1186,eng
1187,ssw
1188,ssw
1189,eng
1190,eng
1191,eng
1192,ssw
1193,eng
1194,nbl
1195,eng
1196,eng
1197,ssw
1198,eng
1199,xho
1200,xho
1201,ssw
1202,ssw
1203,xho
1204,eng
1205,ssw
1206,eng
1207,eng
1208,eng
1209,eng
1210,eng
1211,ssw
1212,eng
1213,ssw
1214,ssw
1215,eng
1216,eng
1217,eng
1218,eng
1219,eng
1220,eng
1221,eng
1222,xho
1223,eng
1224,eng
1225,eng
1226,eng
1227,xho
1228,eng
1229,eng
1230,xho
1231,eng
1232,eng
1233,nbl
1234,ssw
1235,xho
1236,ssw
1237,eng
1238,eng
1239,eng
1240,eng
1241,eng
1242,eng
1243,eng
1244,eng
1245,nbl
1246,eng
1247,zul
1248,eng
1249,eng
1250,eng
1251,ssw
1252,ssw
1253,eng
1254,ssw
1255,eng
1256,xho
1257,eng
1258,eng
1259,eng
1260,ssw
1261,eng
1262,ssw
1263,eng
1264,eng
1265,eng
1266,eng
1267,ssw
1268,eng
1269,eng
1270,eng
1271,ssw
1272,ssw
1273,ssw
1274,ssw
1275,eng
1276,ssw
1277,ssw
1278,eng
1279,eng
1280,nbl
1281,eng
1282,ssw
1283,xho
1284,eng
1285,eng
1286,eng
1287,eng
1288,ssw
1289,ssw
1290,eng
1291,eng
1292,zul
1293,ssw
1294,ssw
1295,eng
1296,eng
1297,eng
1298,eng
1299,eng
1300,eng
1301,xho
1302,ssw
1303,nbl
1304,ssw
1305,eng
1306,eng
1307,eng
1308,ssw
1309,eng
1310,eng
1311,eng
1312,eng
1313,eng
1314,zul
1315,ssw
1316,ssw
1317,eng
1318,nbl
1319,ssw
1320,eng
1321,eng
1322,eng
1323,eng
1324,ssw
1325,eng
1326,ssw
1327,ssw
1328,xho
1329,eng
1330,eng
1331,eng
1332,nbl
1333,ssw
1334,ssw
1335,eng
1336,ssw
1337,eng
1338,ssw
1339,eng
1340,eng
1341,ssw
1342,eng
1343,eng
1344,ssw
1345,eng
1346,ssw
1347,eng
1348,eng
1349,eng
1350,eng
1351,xho
1352,eng
1353,eng
1354,eng
1355,eng
1356,eng
1357,eng
1358,ssw
1359,eng
1360,eng
1361,eng
1362,eng
1363,ssw
1364,eng
1365,ssw
1366,ssw
1367,eng
1368,ssw
1369,eng
1370,eng
1371,eng
1372,ssw
1373,eng
1374,eng
1375,eng
1376,ssw
1377,eng
1378,ssw
1379,ssw
1380,eng
1381,xho
1382,eng
1383,ssw
1384,xho
1385,ssw
1386,eng
1387,ssw
1388,ssw
1389,ssw
1390,eng
1391,ssw
1392,eng
1393,ssw
1394,ssw
1395,eng
1396,eng
1397,eng
1398,ssw
1399,eng
1400,eng
1401,eng
1402,eng
1403,ssw
1404,eng
1405,xho
1406,eng
1407,ssw
1408,eng
1409,ssw
1410,eng
1411,xho
1412,ssw
1413,ssw
1414,ssw
1415,eng
1416,eng
1417,eng
1418,eng
1419,xho
1420,eng
1421,eng
1422,eng
1423,eng
1424,eng
1425,ssw
1426,eng
1427,ssw
1428,ssw
1429,eng
1430,eng
1431,eng
1432,eng
1433,xho
1434,eng
1435,ssw
1436,eng
1437,eng
1438,eng
1439,eng
1440,eng
1441,zul
1442,eng
1443,ssw
1444,eng
1445,ssw
1446,eng
1447,ssw
1448,xho
1449,ssw
1450,ssw
1451,ssw
1452,eng
1453,eng
1454,ssw
1455,eng
1456,nbl
1457,eng
1458,ssw
1459,eng
1460,eng
1461,ssw
1462,eng
1463,ssw
1464,eng
1465,ssw
1466,eng
1467,ssw
1468,eng
1469,eng
1470,eng
1471,eng
1472,eng
1473,eng
1474,eng
1475,eng
1476,xho
1477,eng
1478,ssw
1479,eng
1480,ssw
1481,nbl
1482,eng
1483,eng
1484,eng
1485,eng
1486,xho
1487,ssw
1488,eng
1489,eng
1490,nbl
1491,eng
1492,xho
1493,ssw
1494,eng
1495,ssw
1496,eng
1497,eng
1498,eng
1499,ssw
1500,ssw
1501,ssw
1502,eng
1503,zul
1504,eng
1505,eng
1506,ssw
1507,eng
1508,nbl
1509,eng
1510,ssw
1511,ssw
1512,xho
1513,eng
1514,nbl
1515,eng
1516,xho
1517,ssw
1518,ssw
1519,ssw
1520,xho
1521,eng
1522,ssw
1523,eng
1524,eng
1525,ssw
1526,nbl
1527,eng
1528,eng
1529,eng
1530,eng
1531,eng
1532,eng
1533,ssw
1534,ssw
1535,ssw
1536,eng
1537,eng
1538,eng
1539,ssw
1540,eng
1541,ssw
1542,ssw
1543,eng
1544,eng
1545,eng
1546,eng
1547,eng
1548,ssw
1549,eng
1550,ssw
1551,eng
1552,ssw
1553,ssw
1554,eng
1555,ssw
1556,nbl
1557,eng
1558,eng
1559,nbl
1560,eng
1561,ssw
1562,eng
1563,ssw
1564,eng
1565,ssw
1566,xho
1567,xho
1568,xho
1569,eng
1570,ssw
1571,eng
1572,eng
1573,eng
1574,eng
1575,ssw
1576,nbl
1577,eng
1578,eng
1579,eng
1580,eng
1581,eng
1582,eng
1583,eng
1584,ssw
1585,eng
1586,eng
1587,eng
1588,ssw
1589,eng
1590,eng
1591,eng
1592,eng
1593,eng
1594,xho
1595,eng
1596,ssw
1597,eng
1598,ssw
1599,eng
1600,ssw
1601,eng
1602,xho
1603,eng
1604,xho
1605,xho
1606,ssw
1607,xho
1608,zul
1609,xho
1610,ssw
1611,eng
1612,eng
1613,eng
1614,eng
1615,eng
1616,xho
1617,ssw
1618,eng
1619,eng
1620,xho
1621,eng
1622,eng
1623,eng
1624,eng
1625,ssw
1626,zul
1627,eng
1628,eng
1629,eng
1630,xho
1631,eng
1632,ssw
1633,xho
1634,ssw
1635,eng
1636,eng
1637,ssw
1638,ssw
1639,eng
1640,eng
1641,ssw
1642,xho
1643,eng
1644,eng
1645,ssw
1646,ssw
1647,ssw
1648,eng
1649,eng
1650,eng
1651,nbl
1652,eng
1653,xho
1654,eng
1655,eng
1656,eng
1657,nso
1658,eng
1659,eng
1660,eng
1661,nbl
1662,eng
1663,eng
1664,ssw
1665,ssw
1666,eng
1667,eng
1668,ssw
1669,ssw
1670,eng
1671,eng
1672,xho
1673,ssw
1674,ssw
1675,eng
1676,eng
1677,eng
1678,eng
1679,eng
1680,eng
1681,eng
1682,eng
1683,eng
1684,eng
1685,ssw
1686,eng
1687,ssw
1688,ssw
1689,eng
1690,eng
1691,eng
1692,eng
1693,ssw
1694,eng
1695,eng
1696,eng
1697,ssw
1698,ssw
1699,zul
1700,eng
1701,zul
1702,eng
1703,eng
1704,eng
1705,xho
1706,eng
1707,ssw
1708,nbl
1709,eng
1710,eng
1711,eng
1712,eng
1713,xho
1714,ssw
1715,ssw
1716,eng
1717,eng
1718,eng
1719,nbl
1720,eng
1721,xho
1722,ssw
1723,xho
1724,ssw
1725,eng
1726,ssw
1727,eng
1728,eng
1729,eng
1730,eng
1731,eng
1732,eng
1733,nbl
1734,eng
1735,eng
1736,eng
1737,eng
1738,eng
1739,ssw
1740,nbl
1741,eng
1742,eng
1743,eng
1744,eng
1745,eng
1746,eng
1747,eng
1748,ssw
1749,eng
1750,eng
1751,eng
1752,ssw
1753,nbl
1754,eng
1755,ssw
1756,eng
1757,ssw
1758,xho
1759,eng
1760,eng
1761,eng
1762,eng
1763,eng
1764,eng
1765,eng
1766,ssw
1767,zul
1768,nbl
1769,eng
1770,zul
1771,eng
1772,eng
1773,ssw
1774,xho
1775,eng
1776,nso
1777,xho
1778,eng
1779,ssw
1780,nbl
1781,ssw
1782,ssw
1783,eng
1784,eng
1785,xho
1786,eng
1787,eng
1788,xho
1789,eng
1790,zul
1791,eng
1792,eng
1793,eng
1794,ssw
1795,eng
1796,eng
1797,eng
1798,xho
1799,xho
1800,xho
1801,eng
1802,ssw
1803,eng
1804,eng
1805,ssw
1806,ssw
1807,ssw
1808,ssw
1809,eng
1810,ssw
1811,eng
1812,eng
1813,eng
1814,ssw
1815,ssw
1816,ssw
1817,xho
1818,eng
1819,eng
1820,ssw
1821,eng
1822,eng
1823,eng
1824,eng
1825,ssw
1826,eng
1827,eng
1828,eng
1829,ssw
1830,eng
1831,ssw
1832,xho
1833,eng
1834,ssw
1835,eng
1836,xho
1837,eng
1838,eng
1839,eng
1840,eng
1841,xho
1842,ssw
1843,eng
1844,eng
1845,eng
1846,eng
1847,eng
1848,eng
1849,eng
1850,eng
1851,ssw
1852,eng
1853,eng
1854,eng
1855,eng
1856,eng
1857,eng
1858,ssw
1859,ssw
1860,eng
1861,eng
1862,eng
1863,eng
1864,xho
1865,eng
1866,xho
1867,eng
1868,eng
1869,eng
1870,eng
1871,ssw
1872,xho
1873,ssw
1874,eng
1875,ssw
1876,xho
1877,ssw
1878,eng
1879,nbl
1880,eng
1881,eng
1882,eng
1883,eng
1884,ssw
1885,ssw
1886,eng
1887,eng
1888,ssw
1889,eng
1890,ssw
1891,eng
1892,ssw
1893,eng
1894,ssw
1895,eng
1896,xho
1897,eng
1898,ssw
1899,eng
1900,xho
1901,eng
1902,ssw
1903,eng
1904,eng
1905,ssw
1906,eng
1907,ssw
1908,eng
1909,eng
1910,eng
1911,eng
1912,ssw
1913,eng
1914,eng
1915,eng
1916,eng
1917,eng
1918,nbl
1919,xho
1920,eng
1921,eng
1922,eng
1923,eng
1924,ssw
1925,ssw
1926,ssw
1927,ssw
1928,eng
1929,xho
1930,eng
1931,ssw
1932,eng
1933,ssw
1934,ssw
1935,eng
1936,eng
1937,eng
1938,eng
1939,ssw
1940,eng
1941,eng
1942,eng
1943,eng
1944,eng
1945,eng
1946,ssw
1947,eng
1948,ssw
1949,ssw
1950,eng
1951,eng
1952,ssw
1953,eng
1954,eng
1955,eng
1956,eng
1957,eng
1958,ssw
1959,eng
1960,eng
1961,ssw
1962,eng
1963,xho
1964,eng
1965,eng
1966,ssw
1967,eng
1968,eng
1969,eng
1970,ssw
1971,ssw
1972,eng
1973,eng
1974,eng
1975,eng
1976,ssw
1977,nbl
1978,eng
1979,eng
1980,eng
1981,eng
1982,ssw
1983,eng
1984,ssw
1985,eng
1986,xho
1987,eng
1988,eng
1989,eng
1990,eng
1991,eng
1992,eng
1993,xho
1994,ssw
1995,ssw
1996,ssw
1997,nbl
1998,ssw
1999,eng
2000,xho
2001,ssw
2002,ssw
2003,eng
2004,eng
2005,eng
2006,eng
2007,zul
2008,ssw
2009,eng
2010,eng
2011,eng
2012,xho
2013,ssw
2014,eng
2015,xho
2016,eng
2017,eng
2018,eng
2019,eng
2020,ssw
2021,eng
2022,ssw
2023,xho
2024,eng
2025,eng
2026,eng
2027,eng
2028,eng
2029,eng
2030,eng
2031,eng
2032,eng
2033,xho
2034,eng
2035,eng
2036,xho
2037,eng
2038,xho
2039,eng
2040,eng
2041,eng
2042,eng
2043,eng
2044,eng
2045,eng
2046,eng
2047,eng
2048,eng
2049,eng
2050,eng
2051,eng
2052,ssw
2053,eng
2054,ssw
2055,eng
2056,eng
2057,eng
2058,eng
2059,ssw
2060,eng
2061,ssw
2062,eng
2063,eng
2064,eng
2065,eng
2066,eng
2067,eng
2068,ssw
2069,ssw
2070,ssw
2071,eng
2072,eng
2073,eng
2074,eng
2075,xho
2076,eng
2077,eng
2078,eng
2079,xho
2080,eng
2081,eng
2082,eng
2083,eng
2084,eng
2085,ssw
2086,eng
2087,ssw
2088,eng
2089,eng
2090,ssw
2091,ssw
2092,xho
2093,ssw
2094,xho
2095,nbl
2096,eng
2097,ssw
2098,ssw
2099,nbl
2100,eng
2101,eng
2102,ssw
2103,eng
2104,ssw
2105,ssw
2106,ssw
2107,eng
2108,xho
2109,ssw
2110,eng
2111,eng
2112,eng
2113,eng
2114,eng
2115,eng
2116,ssw
2117,eng
2118,ssw
2119,eng
2120,xho
2121,zul
2122,eng
2123,ssw
2124,eng
2125,ssw
2126,eng
2127,eng
2128,xho
2129,ssw
2130,ssw
2131,eng
2132,eng
2133,eng
2134,eng
2135,eng
2136,eng
2137,eng
2138,ssw
2139,ssw
2140,eng
2141,eng
2142,ssw
2143,ssw
2144,nbl
2145,ssw
2146,ssw
2147,eng
2148,ssw
2149,eng
2150,ssw
2151,ssw
2152,ssw
2153,ssw
2154,ssw
2155,zul
2156,eng
2157,eng
2158,eng
2159,xho
2160,eng
2161,eng
2162,ssw
2163,xho
2164,eng
2165,eng
2166,ssw
2167,eng
2168,ssw
2169,eng
2170,eng
2171,xho
2172,ssw
2173,eng
2174,eng
2175,ssw
2176,eng
2177,ssw
2178,ssw
2179,eng
2180,ssw
2181,eng
2182,xho
2183,ssw
2184,eng
2185,eng
2186,ssw
2187,eng
2188,eng
2189,ssw
2190,eng
2191,eng
2192,eng
2193,ssw
2194,ssw
2195,eng
2196,eng
2197,ssw
2198,xho
2199,ssw
2200,ssw
2201,eng
2202,eng
2203,eng
2204,zul
2205,eng
2206,eng
2207,eng
2208,eng
2209,eng
2210,xho
2211,eng
2212,xho
2213,ssw
2214,eng
2215,eng
2216,ssw
2217,ssw
2218,eng
2219,ssw
2220,eng
2221,ssw
2222,zul
2223,eng
2224,ssw
2225,xho
2226,eng
2227,nbl
2228,eng
2229,xho
2230,eng
2231,eng
2232,eng
2233,ssw
2234,eng
2235,eng
2236,eng
2237,eng
2238,xho
2239,eng
2240,eng
2241,eng
2242,eng
2243,eng
2244,nbl
2245,eng
2246,ssw
2247,eng
2248,xho
2249,eng
2250,ssw
2251,eng
2252,nbl
2253,eng
2254,xho
2255,ssw
2256,ssw
2257,xho
2258,eng
2259,ssw
2260,eng
2261,ssw
2262,ssw
2263,eng
2264,ssw
2265,eng
2266,zul
2267,eng
2268,eng
2269,ssw
2270,xho
2271,eng
2272,eng
2273,eng
2274,eng
2275,eng
2276,ssw
2277,eng
2278,eng
2279,eng
2280,eng
2281,nbl
2282,ssw
2283,eng
2284,eng
2285,eng
2286,eng
2287,eng
2288,xho
2289,eng
2290,nbl
2291,ssw
2292,eng
2293,eng
2294,eng
2295,nbl
2296,eng
2297,eng
2298,eng
2299,eng
2300,eng
2301,eng
2302,eng
2303,ssw
2304,eng
2305,eng
2306,eng
2307,eng
2308,eng
2309,eng
2310,ssw
2311,nbl
2312,ssw
2313,ssw
2314,eng
2315,eng
2316,ssw
2317,ssw
2318,eng
2319,eng
2320,eng
2321,eng
2322,eng
2323,eng
2324,eng
2325,ssw
2326,ssw
2327,ssw
2328,xho
2329,eng
2330,ssw
2331,nbl
2332,ssw
2333,eng
2334,ssw
2335,eng
2336,ssw
2337,xho
2338,eng
2339,ssw
2340,ssw
2341,nbl
2342,ssw
2343,eng
2344,ssw
2345,xho
2346,eng
2347,ssw
2348,eng
2349,ssw
2350,eng
2351,eng
2352,eng
2353,eng
2354,eng
2355,eng
2356,eng
2357,xho
2358,ssw
2359,eng
2360,ssw
2361,eng
2362,xho
2363,ssw
2364,nbl
2365,eng
2366,xho
2367,eng
2368,eng
2369,eng
2370,eng
2371,eng
2372,eng
2373,xho
2374,ssw
2375,ssw
2376,eng
2377,eng
2378,eng
2379,eng
2380,eng
2381,ssw
2382,nbl
2383,eng
2384,ssw
2385,eng
2386,xho
2387,ssw
2388,eng
2389,ssw
2390,eng
2391,ssw
2392,ssw
2393,eng
2394,nbl
2395,eng
2396,eng
2397,eng
2398,eng
2399,eng
2400,eng
2401,ssw
2402,ssw
2403,ssw
2404,eng
2405,eng
2406,eng
2407,eng
2408,eng
2409,eng
2410,eng
2411,eng
2412,ssw
2413,eng
2414,eng
2415,eng
2416,eng
2417,xho
2418,eng
2419,zul
2420,eng
2421,xho
2422,eng
2423,eng
2424,ssw
2425,eng
2426,ssw
2427,eng
2428,ssw
2429,eng
2430,eng
2431,xho
2432,eng
2433,eng
2434,xho
2435,ssw
2436,ssw
2437,ssw
2438,ssw
2439,eng
2440,eng
2441,eng
2442,eng
2443,xho
2444,eng
2445,eng
2446,eng
2447,eng
2448,ssw
2449,eng
2450,eng
2451,eng
2452,eng
2453,eng
2454,eng
2455,eng
2456,eng
2457,eng
2458,eng
2459,eng
2460,eng
2461,eng
2462,eng
2463,eng
2464,ssw
2465,eng
2466,xho
2467,eng
2468,eng
2469,ssw
2470,eng
2471,eng
2472,zul
2473,ssw
2474,xho
2475,eng
2476,ssw
2477,ssw
2478,eng
2479,ssw
2480,ssw
2481,eng
2482,eng
2483,eng
2484,eng
2485,eng
2486,ssw
2487,ssw
2488,eng
2489,xho
2490,xho
2491,eng
2492,eng
2493,ssw
2494,eng
2495,eng
2496,ssw
2497,xho
2498,ssw
2499,ssw
2500,eng
2501,eng
2502,eng
2503,eng
2504,eng
2505,eng
2506,eng
2507,ssw
2508,eng
2509,ssw
2510,eng
2511,ssw
2512,ssw
2513,eng
2514,eng
2515,eng
2516,eng
2517,eng
2518,eng
2519,ssw
2520,eng
2521,eng
2522,eng
2523,xho
2524,ssw
2525,ssw
2526,nbl
2527,eng
2528,ssw
2529,eng
2530,eng
2531,zul
2532,ssw
2533,eng
2534,eng
2535,eng
2536,ssw
2537,xho
2538,eng
2539,eng
2540,eng
2541,eng
2542,eng
2543,eng
2544,eng
2545,eng
2546,eng
2547,ssw
2548,ssw
2549,eng
2550,ssw
2551,eng
2552,eng
2553,xho
2554,xho
2555,ssw
2556,zul
2557,eng
2558,ssw
2559,ssw
2560,ssw
2561,ssw
2562,eng
2563,eng
2564,eng
2565,ssw
2566,ssw
2567,eng
2568,eng
2569,eng
2570,ssw
2571,eng
2572,ssw
2573,ssw
2574,eng
2575,eng
2576,eng
2577,xho
2578,eng
2579,eng
2580,eng
2581,eng
2582,eng
2583,nbl
2584,nbl
2585,ssw
2586,eng
2587,eng
2588,ssw
2589,xho
2590,eng
2591,ssw
2592,ssw
2593,eng
2594,eng
2595,ssw
2596,ssw
2597,xho
2598,ssw
2599,eng
2600,ssw
2601,eng
2602,ssw
2603,ssw
2604,eng
2605,eng
2606,nbl
2607,eng
2608,eng
2609,xho
2610,nbl
2611,eng
2612,eng
2613,eng
2614,eng
2615,eng
2616,eng
2617,eng
2618,eng
2619,eng
2620,eng
2621,eng
2622,ssw
2623,eng
2624,ssw
2625,eng
2626,ssw
2627,eng
2628,xho
2629,eng
2630,ssw
2631,eng
2632,nbl
2633,eng
2634,ssw
2635,eng
2636,eng
2637,eng
2638,eng
2639,eng
2640,eng
2641,eng
2642,eng
2643,ssw
2644,eng
2645,xho
2646,eng
2647,eng
2648,eng
2649,eng
2650,eng
2651,eng
2652,zul
2653,eng
2654,xho
2655,zul
2656,xho
2657,ssw
2658,eng
2659,eng
2660,eng
2661,eng
2662,ssw
2663,eng
2664,eng
2665,eng
2666,eng
2667,eng
2668,eng
2669,eng
2670,eng
2671,ssw
2672,ssw
2673,ssw
2674,eng
2675,ssw
2676,eng
2677,xho
2678,nbl
2679,ssw
2680,xho
2681,eng
2682,ssw
2683,eng
2684,eng
2685,ssw
2686,xho
2687,eng
2688,eng
2689,eng
2690,ssw
2691,zul
2692,ssw
2693,ssw
2694,eng
2695,ssw
2696,eng
2697,eng
2698,ssw
2699,eng
2700,ssw
2701,eng
2702,eng
2703,ssw
2704,eng
2705,ssw
2706,xho
2707,ssw
2708,eng
2709,eng
2710,eng
2711,ssw
2712,eng
2713,nbl
2714,eng
2715,eng
2716,eng
2717,eng
2718,eng
2719,eng
2720,eng
2721,eng
2722,xho
2723,eng
2724,ssw
2725,eng
2726,eng
2727,eng
2728,ssw
2729,eng
2730,eng
2731,eng
2732,eng
2733,eng
2734,ssw
2735,ssw
2736,ssw
2737,ssw
2738,xho
2739,eng
2740,ssw
2741,eng
2742,eng
2743,eng
2744,eng
2745,eng
2746,eng
2747,eng
2748,eng
2749,ssw
2750,eng
2751,ssw
2752,ssw
2753,eng
2754,ssw
2755,ssw
2756,eng
2757,ssw
2758,eng
2759,eng
2760,ssw
2761,nbl
2762,ssw
2763,xho
2764,eng
2765,eng
2766,eng
2767,eng
2768,ssw
2769,ssw
2770,ssw
2771,eng
2772,ssw
2773,eng
2774,eng
2775,ssw
2776,xho
2777,xho
2778,eng
2779,eng
2780,eng
2781,eng
2782,eng
2783,eng
2784,eng
2785,eng
2786,xho
2787,nbl
2788,eng
2789,eng
2790,ssw
2791,xho
2792,eng
2793,ssw
2794,ssw
2795,ssw
2796,eng
2797,eng
2798,eng
2799,ssw
2800,xho
2801,ssw
2802,ssw
2803,eng
2804,xho
2805,eng
2806,eng
2807,eng
2808,eng
2809,eng
2810,eng
2811,eng
2812,ssw
2813,eng
2814,eng
2815,ssw
2816,eng
2817,eng
2818,eng
2819,eng
2820,ssw
2821,ssw
2822,eng
2823,eng
2824,eng
2825,eng
2826,ssw
2827,eng
2828,ssw
2829,eng
2830,ssw
2831,eng
2832,eng
2833,nbl
2834,ssw
2835,ssw
2836,eng
2837,zul
2838,nso
2839,eng
2840,nbl
2841,eng
2842,eng
2843,eng
2844,eng
2845,ssw
2846,eng
2847,eng
2848,eng
2849,eng
2850,eng
2851,xho
2852,ssw
2853,eng
2854,ssw
2855,eng
2856,eng
2857,xho
2858,eng
2859,eng
2860,ssw
2861,eng
2862,ssw
2863,eng
2864,ssw
2865,ssw
2866,eng
2867,eng
2868,ssw
2869,ssw
2870,eng
2871,nbl
2872,ssw
2873,ssw
2874,ssw
2875,eng
2876,ssw
2877,ssw
2878,ssw
2879,eng
2880,eng
2881,nbl
2882,eng
2883,ssw
2884,eng
2885,eng
2886,xho
2887,eng
2888,ssw
2889,nbl
2890,ssw
2891,ssw
2892,eng
2893,eng
2894,ssw
2895,ssw
2896,xho
2897,ssw
2898,eng
2899,ssw
2900,ssw
2901,eng
2902,ssw
2903,ssw
2904,xho
2905,eng
2906,eng
2907,eng
2908,eng
2909,eng
2910,ssw
2911,ssw
2912,eng
2913,eng
2914,eng
2915,ssw
2916,xho
2917,eng
2918,eng
2919,eng
2920,eng
2921,xho
2922,xho
2923,eng
2924,eng
2925,eng
2926,eng
2927,eng
2928,eng
2929,ssw
2930,eng
2931,eng
2932,eng
2933,eng
2934,xho
2935,ssw
2936,eng
2937,ssw
2938,ssw
2939,eng
2940,eng
2941,eng
2942,eng
2943,eng
2944,ssw
2945,eng
2946,xho
2947,eng
2948,nbl
2949,ssw
2950,ssw
2951,eng
2952,eng
2953,eng
2954,xho
2955,ssw
2956,eng
2957,ssw
2958,ssw
2959,xho
2960,eng
2961,zul
2962,eng
2963,ssw
2964,eng
2965,ssw
2966,ssw
2967,eng
2968,ssw
2969,eng
2970,eng
2971,eng
2972,eng
2973,ssw
2974,ssw
2975,eng
2976,eng
2977,eng
2978,eng
2979,eng
2980,eng
2981,eng
2982,eng
2983,ssw
2984,xho
2985,xho
2986,ssw
2987,eng
2988,xho
2989,ssw
2990,ssw
2991,ssw
2992,nbl
2993,ssw
2994,eng
2995,ssw
2996,eng
2997,eng
2998,ssw
2999,ssw
3000,eng
3001,ssw
3002,eng
3003,xho
3004,eng
3005,eng
3006,eng
3007,eng
3008,eng
3009,eng
3010,ssw
3011,ssw
3012,eng
3013,ssw
3014,eng
3015,eng
3016,ssw
3017,nbl
3018,eng
3019,eng
3020,eng
3021,ssw
3022,eng
3023,eng
3024,eng
3025,ssw
3026,eng
3027,eng
3028,nbl
3029,ssw
3030,xho
3031,ssw
3032,xho
3033,ssw
3034,ssw
3035,eng
3036,eng
3037,ssw
3038,eng
3039,eng
3040,eng
3041,eng
3042,eng
3043,eng
3044,nbl
3045,ssw
3046,eng
3047,xho
3048,eng
3049,ssw
3050,eng
3051,eng
3052,eng
3053,eng
3054,ssw
3055,eng
3056,xho
3057,eng
3058,eng
3059,eng
3060,eng
3061,xho
3062,ssw
3063,ssw
3064,eng
3065,xho
3066,eng
3067,xho
3068,eng
3069,eng
3070,eng
3071,eng
3072,ssw
3073,eng
3074,nbl
3075,eng
3076,ssw
3077,ssw
3078,eng
3079,ssw
3080,eng
3081,ssw
3082,eng
3083,ssw
3084,nbl
3085,eng
3086,ssw
3087,eng
3088,ssw
3089,eng
3090,ssw
3091,zul
3092,eng
3093,eng
3094,xho
3095,eng
3096,ssw
3097,eng
3098,ssw
3099,eng
3100,eng
3101,eng
3102,eng
3103,eng
3104,eng
3105,eng
3106,eng
3107,eng
3108,ssw
3109,ssw
3110,eng
3111,eng
3112,eng
3113,eng
3114,eng
3115,eng
3116,eng
3117,eng
3118,nbl
3119,eng
3120,eng
3121,ssw
3122,eng
3123,xho
3124,eng
3125,ssw
3126,xho
3127,eng
3128,xho
3129,eng
3130,eng
3131,eng
3132,ssw
3133,xho
3134,ssw
3135,eng
3136,ssw
3137,ssw
3138,xho
3139,ssw
3140,eng
3141,eng
3142,ssw
3143,eng
3144,eng
3145,eng
3146,ssw
3147,ssw
3148,eng
3149,ssw
3150,eng
3151,eng
3152,xho
3153,xho
3154,xho
3155,ssw
3156,eng
3157,eng
3158,ssw
3159,ssw
3160,eng
3161,ssw
3162,ssw
3163,zul
3164,eng
3165,eng
3166,eng
3167,ssw
3168,eng
3169,xho
3170,ssw
3171,ssw
3172,eng
3173,eng
3174,eng
3175,eng
3176,eng
3177,ssw
3178,ssw
3179,eng
3180,zul
3181,nbl
3182,eng
3183,eng
3184,xho
3185,ssw
3186,ssw
3187,eng
3188,eng
3189,eng
3190,eng
3191,eng
3192,ssw
3193,eng
3194,eng
3195,ssw
3196,xho
3197,xho
3198,eng
3199,ssw
3200,ssw
3201,eng
3202,eng
3203,xho
3204,eng
3205,ssw
3206,eng
3207,eng
3208,ssw
3209,xho
3210,eng
3211,eng
3212,ssw
3213,eng
3214,nbl
3215,eng
3216,eng
3217,eng
3218,eng
3219,eng
3220,ssw
3221,zul
3222,ssw
3223,xho
3224,ssw
3225,ssw
3226,eng
3227,eng
3228,xho
3229,ssw
3230,eng
3231,eng
3232,eng
3233,xho
3234,ssw
3235,eng
3236,eng
3237,eng
3238,ssw
3239,eng
3240,eng
3241,ssw
3242,ssw
3243,eng
3244,eng
3245,ssw
3246,ssw
3247,ssw
3248,eng
3249,ssw
3250,eng
3251,eng
3252,eng
3253,ssw
3254,eng
3255,xho
3256,ssw
3257,eng
3258,eng
3259,eng
3260,eng
3261,xho
3262,ssw
3263,ssw
3264,ssw
3265,ssw
3266,eng
3267,eng
3268,ssw
3269,eng
3270,ssw
3271,ssw
3272,ssw
3273,ssw
3274,eng
3275,xho
3276,eng
3277,eng
3278,ssw
3279,xho
3280,eng
3281,eng
3282,eng
3283,eng
3284,eng
3285,eng
3286,ssw
3287,eng
3288,eng
3289,ssw
3290,eng
3291,eng
3292,eng
3293,ssw
3294,ssw
3295,eng
3296,eng
3297,eng
3298,ssw
3299,eng
3300,xho
3301,eng
3302,xho
3303,eng
3304,eng
3305,eng
3306,ssw
3307,eng
3308,xho
3309,ssw
3310,ssw
3311,eng
3312,eng
3313,eng
3314,eng
3315,eng
3316,ssw
3317,ssw
3318,eng
3319,eng
3320,eng
3321,eng
3322,eng
3323,xho
3324,ssw
3325,eng
3326,ssw
3327,eng
3328,ssw
3329,ssw
3330,eng
3331,eng
3332,eng
3333,xho
3334,xho
3335,nbl
3336,eng
3337,ssw
3338,ssw
3339,ssw
3340,eng
3341,ssw
3342,nso
3343,ssw
3344,ssw
3345,eng
3346,ssw
3347,xho
3348,eng
3349,eng
3350,ssw
3351,nbl
3352,eng
3353,eng
3354,nbl
3355,nbl
3356,ssw
3357,eng
3358,xho
3359,xho
3360,eng
3361,eng
3362,xho
3363,eng
3364,eng
3365,xho
3366,eng
3367,xho
3368,xho
3369,ssw
3370,zul
3371,eng
3372,eng
3373,ssw
3374,zul
3375,eng
3376,nbl
3377,eng
3378,eng
3379,eng
3380,eng
3381,ssw
3382,eng
3383,eng
3384,ssw
3385,ssw
3386,eng
3387,ssw
3388,eng
3389,ssw
3390,nbl
3391,eng
3392,eng
3393,eng
3394,xho
3395,eng
3396,eng
3397,eng
3398,eng
3399,ssw
3400,eng
3401,ssw
3402,ssw
3403,eng
3404,ssw
3405,ssw
3406,eng
3407,eng
3408,ssw
3409,eng
3410,xho
3411,ssw
3412,eng
3413,eng
3414,eng
3415,eng
3416,xho
3417,xho
3418,eng
3419,eng
3420,xho
3421,eng
3422,xho
3423,ssw
3424,eng
3425,eng
3426,eng
3427,eng
3428,nbl
3429,eng
3430,eng
3431,eng
3432,eng
3433,xho
3434,eng
3435,ssw
3436,eng
3437,ssw
3438,eng
3439,xho
3440,ssw
3441,eng
3442,ssw
3443,ssw
3444,ssw
3445,ssw
3446,eng
3447,eng
3448,ssw
3449,ssw
3450,eng
3451,eng
3452,xho
3453,eng
3454,eng
3455,eng
3456,eng
3457,ssw
3458,ssw
3459,eng
3460,eng
3461,xho
3462,eng
3463,ssw
3464,eng
3465,eng
3466,ssw
3467,eng
3468,xho
3469,eng
3470,eng
3471,xho
3472,xho
3473,eng
3474,ssw
3475,eng
3476,eng
3477,eng
3478,eng
3479,eng
3480,ssw
3481,eng
3482,eng
3483,ssw
3484,eng
3485,eng
3486,eng
3487,ssw
3488,eng
3489,eng
3490,xho
3491,ssw
3492,eng
3493,eng
3494,eng
3495,ssw
3496,eng
3497,xho
3498,eng
3499,eng
3500,eng
3501,ssw
3502,nbl
3503,ssw
3504,eng
3505,xho
3506,ssw
3507,ssw
3508,ssw
3509,ssw
3510,ssw
3511,eng
3512,ssw
3513,eng
3514,ssw
3515,eng
3516,eng
3517,eng
3518,eng
3519,ssw
3520,ssw
3521,eng
3522,xho
3523,xho
3524,eng
3525,ssw
3526,eng
3527,eng
3528,eng
3529,eng
3530,eng
3531,ssw
3532,eng
3533,ssw
3534,ssw
3535,eng
3536,eng
3537,ssw
3538,ssw
3539,eng
3540,eng
3541,eng
3542,ssw
3543,xho
3544,ssw
3545,xho
3546,eng
3547,eng
3548,eng
3549,eng
3550,ssw
3551,ssw
3552,eng
3553,ssw
3554,eng
3555,eng
3556,eng
3557,eng
3558,ssw
3559,eng
3560,eng
3561,eng
3562,xho
3563,eng
3564,eng
3565,ssw
3566,eng
3567,eng
3568,ssw
3569,eng
3570,eng
3571,eng
3572,eng
3573,eng
3574,ssw
3575,eng
3576,xho
3577,ssw
3578,eng
3579,ssw
3580,ssw
3581,eng
3582,ssw
3583,eng
3584,ssw
3585,xho
3586,eng
3587,ssw
3588,ssw
3589,eng
3590,ssw
3591,ssw
3592,eng
3593,ssw
3594,ssw
3595,eng
3596,eng
3597,ssw
3598,xho
3599,eng
3600,ssw
3601,eng
3602,eng
3603,eng
3604,xho
3605,ssw
3606,eng
3607,eng
3608,xho
3609,eng
3610,eng
3611,xho
3612,eng
3613,eng
3614,eng
3615,eng
3616,ssw
3617,zul
3618,xho
3619,nbl
3620,ssw
3621,eng
3622,ssw
3623,ssw
3624,eng
3625,eng
3626,eng
3627,eng
3628,eng
3629,eng
3630,eng
3631,eng
3632,zul
3633,eng
3634,eng
3635,nbl
3636,eng
3637,xho
3638,eng
3639,eng
3640,ssw
3641,ssw
3642,eng
3643,ssw
3644,eng
3645,eng
3646,eng
3647,eng
3648,eng
3649,ssw
3650,eng
3651,ssw
3652,eng
3653,eng
3654,eng
3655,xho
3656,eng
3657,eng
3658,eng
3659,ssw
3660,eng
3661,ssw
3662,eng
3663,xho
3664,eng
3665,eng
3666,eng
3667,eng
3668,ssw
3669,eng
3670,ssw
3671,eng
3672,ssw
3673,xho
3674,eng
3675,eng
3676,ssw
3677,ssw
3678,xho
3679,ssw
3680,xho
3681,xho
3682,eng
3683,ssw
3684,eng
3685,eng
3686,eng
3687,xho
3688,ssw
3689,eng
3690,zul
3691,ssw
3692,eng
3693,eng
3694,zul
3695,ssw
3696,eng
3697,ssw
3698,ssw
3699,ssw
3700,eng
3701,ssw
3702,ssw
3703,xho
3704,eng
3705,ssw
3706,eng
3707,eng
3708,ssw
3709,eng
3710,ssw
3711,eng
3712,xho
3713,eng
3714,ssw
3715,zul
3716,zul
3717,eng
3718,ssw
3719,ssw
3720,xho
3721,ssw
3722,ssw
3723,ssw
3724,eng
3725,eng
3726,eng
3727,ssw
3728,eng
3729,eng
3730,ssw
3731,eng
3732,ssw
3733,ssw
3734,eng
3735,eng
3736,ssw
3737,eng
3738,eng
3739,ssw
3740,eng
3741,ssw
3742,eng
3743,eng
3744,ssw
3745,xho
3746,eng
3747,eng
3748,eng
3749,eng
3750,eng
3751,ssw
3752,eng
3753,eng
3754,eng
3755,xho
3756,ssw
3757,eng
3758,eng
3759,eng
3760,eng
3761,eng
3762,eng
3763,ssw
3764,ssw
3765,xho
3766,ssw
3767,eng
3768,eng
3769,eng
3770,eng
3771,eng
3772,xho
3773,xho
3774,eng
3775,eng
3776,eng
3777,xho
3778,eng
3779,ssw
3780,eng
3781,eng
3782,eng
3783,xho
3784,ssw
3785,ssw
3786,eng
3787,eng
3788,ssw
3789,eng
3790,eng
3791,eng
3792,eng
3793,eng
3794,ssw
3795,eng
3796,eng
3797,ssw
3798,eng
3799,eng
3800,ssw
3801,eng
3802,eng
3803,eng
3804,nbl
3805,ssw
3806,eng
3807,eng
3808,ssw
3809,eng
3810,ssw
3811,ssw
3812,ssw
3813,eng
3814,nbl
3815,xho
3816,eng
3817,ssw
3818,ssw
3819,ssw
3820,eng
3821,eng
3822,ssw
3823,ssw
3824,eng
3825,eng
3826,nbl
3827,eng
3828,eng
3829,eng
3830,ssw
3831,xho
3832,eng
3833,eng
3834,eng
3835,nbl
3836,eng
3837,ssw
3838,eng
3839,eng
3840,eng
3841,eng
3842,eng
3843,eng
3844,ssw
3845,eng
3846,ssw
3847,xho
3848,eng
3849,ssw
3850,eng
3851,eng
3852,eng
3853,ssw
3854,ssw
3855,eng
3856,eng
3857,eng
3858,eng
3859,nbl
3860,xho
3861,eng
3862,eng
3863,zul
3864,nbl
3865,eng
3866,eng
3867,eng
3868,eng
3869,ssw
3870,xho
3871,eng
3872,eng
3873,eng
3874,xho
3875,eng
3876,ssw
3877,eng
3878,eng
3879,ssw
3880,eng
3881,eng
3882,eng
3883,eng
3884,eng
3885,zul
3886,ssw
3887,ssw
3888,eng
3889,xho
3890,eng
3891,xho
3892,eng
3893,eng
3894,eng
3895,eng
3896,eng
3897,ssw
3898,ssw
3899,ssw
3900,ssw
3901,eng
3902,xho
3903,eng
3904,eng
3905,eng
3906,eng
3907,eng
3908,ssw
3909,ssw
3910,ssw
3911,xho
3912,ssw
3913,eng
3914,eng
3915,eng
3916,eng
3917,eng
3918,xho
3919,eng
3920,ssw
3921,eng
3922,ssw
3923,eng
3924,ssw
3925,eng
3926,ssw
3927,eng
3928,ssw
3929,ssw
3930,ssw
3931,eng
3932,xho
3933,eng
3934,eng
3935,eng
3936,nbl
3937,eng
3938,ssw
3939,ssw
3940,ssw
3941,ssw
3942,ssw
3943,eng
3944,xho
3945,eng
3946,eng
3947,nbl
3948,nbl
3949,nbl
3950,eng
3951,ssw
3952,ssw
3953,eng
3954,eng
3955,ssw
3956,ssw
3957,eng
3958,eng
3959,eng
3960,ssw
3961,ssw
3962,ssw
3963,ssw
3964,eng
3965,eng
3966,eng
3967,eng
3968,ssw
3969,eng
3970,eng
3971,ssw
3972,ssw
3973,eng
3974,eng
3975,eng
3976,eng
3977,eng
3978,eng
3979,ssw
3980,ssw
3981,ssw
3982,ssw
3983,eng
3984,eng
3985,eng
3986,ssw
3987,nbl
3988,eng
3989,nbl
3990,nbl
3991,zul
3992,ssw
3993,eng
3994,ssw
3995,ssw
3996,eng
3997,eng
3998,eng
3999,eng
4000,ssw
4001,ssw
4002,eng
4003,ssw
4004,eng
4005,ssw
4006,eng
4007,eng
4008,eng
4009,ssw
4010,ssw
4011,eng
4012,eng
4013,ssw
4014,eng
4015,ssw
4016,zul
4017,xho
4018,eng
4019,eng
4020,ssw
4021,ssw
4022,eng
4023,eng
4024,ssw
4025,eng
4026,eng
4027,ssw
4028,ssw
4029,ssw
4030,xho
4031,ssw
4032,eng
4033,ssw
4034,eng
4035,eng
4036,eng
4037,eng
4038,eng
4039,ssw
4040,xho
4041,xho
4042,eng
4043,eng
4044,xho
4045,ssw
4046,ssw
4047,ssw
4048,eng
4049,eng
4050,eng
4051,eng
4052,xho
4053,eng
4054,ssw
4055,zul
4056,eng
4057,nbl
4058,ssw
4059,ssw
4060,eng
4061,ssw
4062,eng
4063,eng
4064,ssw
4065,eng
4066,xho
4067,xho
4068,eng
4069,eng
4070,eng
4071,eng
4072,ssw
4073,ssw
4074,eng
4075,xho
4076,eng
4077,ssw
4078,ssw
4079,eng
4080,eng
4081,ssw
4082,eng
4083,ssw
4084,eng
4085,ssw
4086,eng
4087,ssw
4088,eng
4089,ssw
4090,ssw
4091,eng
4092,eng
4093,nbl
4094,eng
4095,eng
4096,eng
4097,eng
4098,eng
4099,eng
4100,ssw
4101,eng
4102,ssw
4103,ssw
4104,eng
4105,eng
4106,nbl
4107,ssw
4108,eng
4109,eng
4110,ssw
4111,zul
4112,eng
4113,ssw
4114,ssw
4115,ssw
4116,eng
4117,ssw
4118,eng
4119,ssw
4120,ssw
4121,eng
4122,ssw
4123,ssw
4124,eng
4125,eng
4126,eng
4127,eng
4128,ssw
4129,eng
4130,eng
4131,eng
4132,eng
4133,eng
4134,xho
4135,xho
4136,eng
4137,eng
4138,nbl
4139,ssw
4140,eng
4141,eng
4142,eng
4143,eng
4144,eng
4145,ssw
4146,ssw
4147,eng
4148,ssw
4149,eng
4150,eng
4151,eng
4152,ssw
4153,eng
4154,eng
4155,eng
4156,eng
4157,eng
4158,ssw
4159,xho
4160,eng
4161,eng
4162,xho
4163,xho
4164,ssw
4165,ssw
4166,ssw
4167,ssw
4168,eng
4169,ssw
4170,ssw
4171,ssw
4172,nbl
4173,eng
4174,ssw
4175,eng
4176,ssw
4177,eng
4178,eng
4179,ssw
4180,eng
4181,ssw
4182,eng
4183,ssw
4184,ssw
4185,eng
4186,eng
4187,eng
4188,ssw
4189,eng
4190,ssw
4191,eng
4192,eng
4193,eng
4194,eng
4195,eng
4196,eng
4197,eng
4198,eng
4199,ssw
4200,ssw
4201,eng
4202,eng
4203,eng
4204,ssw
4205,eng
4206,eng
4207,ssw
4208,eng
4209,nbl
4210,ssw
4211,ssw
4212,xho
4213,eng
4214,eng
4215,eng
4216,eng
4217,nbl
4218,eng
4219,eng
4220,ssw
4221,eng
4222,eng
4223,eng
4224,ssw
4225,eng
4226,nbl
4227,eng
4228,eng
4229,ssw
4230,eng
4231,ssw
4232,eng
4233,nso
4234,eng
4235,nbl
4236,eng
4237,eng
4238,xho
4239,eng
4240,eng
4241,eng
4242,ssw
4243,ssw
4244,xho
4245,xho
4246,ssw
4247,ssw
4248,ssw
4249,eng
4250,ssw
4251,ssw
4252,xho
4253,ssw
4254,zul
4255,ssw
4256,eng
4257,eng
4258,ssw
4259,ssw
4260,eng
4261,ssw
4262,ssw
4263,eng
4264,eng
4265,eng
4266,eng
4267,eng
4268,eng
4269,eng
4270,eng
4271,eng
4272,xho
4273,eng
4274,eng
4275,xho
4276,eng
4277,eng
4278,ssw
4279,eng
4280,ssw
4281,ssw
4282,eng
4283,eng
4284,ssw
4285,nbl
4286,ssw
4287,eng
4288,ssw
4289,eng
4290,eng
4291,ssw
4292,eng
4293,ssw
4294,eng
4295,eng
4296,eng
4297,eng
4298,eng
4299,ssw
4300,xho
4301,eng
4302,eng
4303,eng
4304,eng
4305,eng
4306,eng
4307,eng
4308,eng
4309,eng
4310,ssw
4311,ssw
4312,eng
4313,eng
4314,eng
4315,eng
4316,ssw
4317,eng
4318,eng
4319,eng
4320,ssw
4321,ssw
4322,nbl
4323,ssw
4324,ssw
4325,ssw
4326,eng
4327,eng
4328,eng
4329,ssw
4330,eng
4331,eng
4332,xho
4333,eng
4334,ssw
4335,eng
4336,eng
4337,eng
4338,xho
4339,ssw
4340,nbl
4341,ssw
4342,ssw
4343,eng
4344,eng
4345,zul
4346,eng
4347,eng
4348,ssw
4349,eng
4350,eng
4351,eng
4352,eng
4353,eng
4354,ssw
4355,ssw
4356,eng
4357,eng
4358,ssw
4359,ssw
4360,eng
4361,xho
4362,ssw
4363,eng
4364,eng
4365,ssw
4366,eng
4367,xho
4368,ssw
4369,eng
4370,eng
4371,nbl
4372,eng
4373,eng
4374,ssw
4375,eng
4376,eng
4377,nbl
4378,xho
4379,nbl
4380,eng
4381,eng
4382,ssw
4383,eng
4384,ssw
4385,eng
4386,eng
4387,ssw
4388,eng
4389,ssw
4390,eng
4391,eng
4392,ssw
4393,ssw
4394,ssw
4395,zul
4396,ssw
4397,eng
4398,eng
4399,ssw
4400,eng
4401,eng
4402,eng
4403,eng
4404,ssw
4405,eng
4406,ssw
4407,eng
4408,eng
4409,eng
4410,eng
4411,eng
4412,ssw
4413,ssw
4414,eng
4415,ssw
4416,eng
4417,eng
4418,ssw
4419,eng
4420,eng
4421,xho
4422,xho
4423,eng
4424,eng
4425,ssw
4426,eng
4427,ssw
4428,eng
4429,ssw
4430,eng
4431,eng
4432,eng
4433,eng
4434,ssw
4435,ssw
4436,eng
4437,eng
4438,ssw
4439,ssw
4440,ssw
4441,eng
4442,eng
4443,ssw
4444,ssw
4445,eng
4446,eng
4447,eng
4448,ssw
4449,eng
4450,ssw
4451,xho
4452,eng
4453,xho
4454,xho
4455,zul
4456,eng
4457,eng
4458,xho
4459,eng
4460,eng
4461,eng
4462,afr
4463,eng
4464,nbl
4465,eng
4466,ssw
4467,eng
4468,zul
4469,ssw
4470,eng
4471,eng
4472,eng
4473,xho
4474,ssw
4475,eng
4476,eng
4477,eng
4478,eng
4479,ssw
4480,eng
4481,eng
4482,eng
4483,eng
4484,eng
4485,eng
4486,eng
4487,ssw
4488,ssw
4489,eng
4490,eng
4491,ssw
4492,eng
4493,ssw
4494,zul
4495,eng
4496,ssw
4497,eng
4498,eng
4499,zul
4500,eng
4501,eng
4502,ssw
4503,ssw
4504,eng
4505,zul
4506,ssw
4507,xho
4508,eng
4509,ssw
4510,eng
4511,eng
4512,xho
4513,eng
4514,ssw
4515,zul
4516,eng
4517,xho
4518,zul
4519,ssw
4520,xho
4521,xho
4522,eng
4523,ssw
4524,ssw
4525,eng
4526,ssw
4527,eng
4528,ssw
4529,ssw
4530,xho
4531,eng
4532,eng
4533,eng
4534,eng
4535,eng
4536,xho
4537,eng
4538,eng
4539,eng
4540,ssw
4541,ssw
4542,eng
4543,eng
4544,ssw
4545,eng
4546,eng
4547,eng
4548,ssw
4549,ssw
4550,ssw
4551,nbl
4552,eng
4553,eng
4554,nbl
4555,eng
4556,ssw
4557,zul
4558,eng
4559,ssw
4560,ssw
4561,eng
4562,eng
4563,ssw
4564,eng
4565,ssw
4566,eng
4567,eng
4568,ssw
4569,eng
4570,eng
4571,eng
4572,ssw
4573,eng
4574,eng
4575,nbl
4576,eng
4577,zul
4578,eng
4579,eng
4580,ssw
4581,xho
4582,zul
4583,eng
4584,eng
4585,eng
4586,ssw
4587,eng
4588,ssw
4589,eng
4590,ssw
4591,eng
4592,zul
4593,ssw
4594,ssw
4595,ssw
4596,eng
4597,ssw
4598,eng
4599,ssw
4600,eng
4601,eng
4602,ssw
4603,ssw
4604,ssw
4605,eng
4606,xho
4607,xho
4608,eng
4609,eng
4610,eng
4611,eng
4612,ssw
4613,ssw
4614,eng
4615,eng
4616,nbl
4617,eng
4618,eng
4619,ssw
4620,eng
4621,eng
4622,eng
4623,eng
4624,xho
4625,eng
4626,zul
4627,eng
4628,eng
4629,xho
4630,ssw
4631,ssw
4632,eng
4633,eng
4634,ssw
4635,eng
4636,eng
4637,eng
4638,eng
4639,eng
4640,eng
4641,ssw
4642,eng
4643,ssw
4644,zul
4645,eng
4646,eng
4647,eng
4648,xho
4649,ssw
4650,xho
4651,xho
4652,eng
4653,ssw
4654,eng
4655,eng
4656,eng
4657,nbl
4658,xho
4659,ssw
4660,ssw
4661,xho
4662,eng
4663,xho
4664,zul
4665,eng
4666,eng
4667,eng
4668,eng
4669,eng
4670,ssw
4671,eng
4672,eng
4673,ssw
4674,ssw
4675,nbl
4676,eng
4677,ssw
4678,eng
4679,eng
4680,ssw
4681,ssw
4682,ssw
4683,eng
4684,ssw
4685,eng
4686,eng
4687,eng
4688,eng
4689,eng
4690,ssw
4691,ssw
4692,eng
4693,eng
4694,ssw
4695,ssw
4696,eng
4697,eng
4698,xho
4699,eng
4700,eng
4701,eng
4702,ssw
4703,ssw
4704,eng
4705,ssw
4706,eng
4707,xho
4708,eng
4709,ssw
4710,eng
4711,eng
4712,nbl
4713,eng
4714,eng
4715,eng
4716,ssw
4717,eng
4718,eng
4719,eng
4720,eng
4721,eng
4722,eng
4723,eng
4724,eng
4725,eng
4726,eng
4727,eng
4728,eng
4729,eng
4730,eng
4731,eng
4732,xho
4733,eng
4734,ssw
4735,ssw
4736,nbl
4737,xho
4738,nbl
4739,eng
4740,eng
4741,eng
4742,nbl
4743,ssw
4744,eng
4745,nbl
4746,ssw
4747,eng
4748,ssw
4749,eng
4750,xho
4751,eng
4752,eng
4753,ssw
4754,eng
4755,eng
4756,eng
4757,eng
4758,ssw
4759,ssw
4760,ssw
4761,eng
4762,xho
4763,eng
4764,eng
4765,eng
4766,eng
4767,eng
4768,eng
4769,ssw
4770,ssw
4771,eng
4772,eng
4773,eng
4774,eng
4775,ssw
4776,ssw
4777,eng
4778,eng
4779,eng
4780,xho
4781,eng
4782,eng
4783,eng
4784,eng
4785,eng
4786,ssw
4787,eng
4788,ssw
4789,eng
4790,eng
4791,eng
4792,eng
4793,eng
4794,eng
4795,eng
4796,eng
4797,ssw
4798,ssw
4799,eng
4800,eng
4801,eng
4802,eng
4803,eng
4804,ssw
4805,eng
4806,eng
4807,xho
4808,eng
4809,eng
4810,eng
4811,ssw
4812,ssw
4813,zul
4814,xho
4815,ssw
4816,ssw
4817,eng
4818,eng
4819,ssw
4820,ssw
4821,eng
4822,eng
4823,eng
4824,ssw
4825,ssw
4826,nbl
4827,eng
4828,ssw
4829,ssw
4830,eng
4831,eng
4832,eng
4833,eng
4834,eng
4835,eng
4836,eng
4837,eng
4838,eng
4839,ssw
4840,ssw
4841,eng
4842,eng
4843,ssw
4844,eng
4845,xho
4846,ssw
4847,xho
4848,eng
4849,ssw
4850,xho
4851,eng
4852,ssw
4853,eng
4854,eng
4855,eng
4856,xho
4857,eng
4858,nbl
4859,ssw
4860,eng
4861,eng
4862,eng
4863,eng
4864,xho
4865,eng
4866,eng
4867,eng
4868,xho
4869,eng
4870,eng
4871,ssw
4872,eng
4873,xho
4874,eng
4875,eng
4876,xho
4877,eng
4878,ssw
4879,eng
4880,eng
4881,ssw
4882,eng
4883,ssw
4884,eng
4885,eng
4886,ssw
4887,eng
4888,eng
4889,ssw
4890,eng
4891,eng
4892,eng
4893,eng
4894,ssw
4895,eng
4896,eng
4897,ssw
4898,eng
4899,eng
4900,ssw
4901,zul
4902,eng
4903,eng
4904,eng
4905,eng
4906,zul
4907,eng
4908,ssw
4909,eng
4910,eng
4911,eng
4912,eng
4913,eng
4914,eng
4915,eng
4916,eng
4917,eng
4918,ssw
4919,eng
4920,eng
4921,eng
4922,eng
4923,ssw
4924,ssw
4925,eng
4926,eng
4927,ssw
4928,eng
4929,eng
4930,eng
4931,ssw
4932,ssw
4933,ssw
4934,eng
4935,ssw
4936,eng
4937,eng
4938,xho
4939,eng
4940,eng
4941,eng
4942,eng
4943,eng
4944,zul
4945,ssw
4946,ssw
4947,eng
4948,eng
4949,eng
4950,zul
4951,eng
4952,eng
4953,eng
4954,ssw
4955,eng
4956,eng
4957,eng
4958,eng
4959,eng
4960,eng
4961,eng
4962,eng
4963,eng
4964,eng
4965,ssw
4966,eng
4967,eng
4968,eng
4969,eng
4970,eng
4971,eng
4972,eng
4973,ssw
4974,ssw
4975,eng
4976,xho
4977,nbl
4978,ssw
4979,ssw
4980,ssw
4981,eng
4982,ssw
4983,ssw
4984,eng
4985,ssw
4986,ssw
4987,ssw
4988,eng
4989,ssw
4990,eng
4991,xho
4992,eng
4993,eng
4994,eng
4995,eng
4996,xho
4997,eng
4998,ssw
4999,eng
5000,ssw
5001,eng
5002,ssw
5003,eng
5004,eng
5005,ssw
5006,eng
5007,eng
5008,eng
5009,eng
5010,ssw
5011,eng
5012,eng
5013,ssw
5014,eng
5015,xho
5016,eng
5017,eng
5018,eng
5019,eng
5020,eng
5021,ssw
5022,nbl
5023,eng
5024,eng
5025,ssw
5026,eng
5027,ssw
5028,eng
5029,ssw
5030,ssw
5031,ssw
5032,eng
5033,eng
5034,eng
5035,nbl
5036,eng
5037,eng
5038,eng
5039,eng
5040,ssw
5041,eng
5042,eng
5043,eng
5044,eng
5045,eng
5046,eng
5047,eng
5048,ssw
5049,eng
5050,eng
5051,eng
5052,eng
5053,eng
5054,ssw
5055,ssw
5056,eng
5057,eng
5058,ssw
5059,xho
5060,ssw
5061,eng
5062,ssw
5063,xho
5064,zul
5065,eng
5066,ssw
5067,eng
5068,xho
5069,ssw
5070,eng
5071,eng
5072,ssw
5073,ssw
5074,xho
5075,eng
5076,eng
5077,xho
5078,nbl
5079,ssw
5080,ssw
5081,ssw
5082,eng
5083,ssw
5084,nbl
5085,ssw
5086,eng
5087,ssw
5088,ssw
5089,nbl
5090,eng
5091,eng
5092,eng
5093,ssw
5094,xho
5095,eng
5096,eng
5097,eng
5098,eng
5099,eng
5100,ssw
5101,eng
5102,ssw
5103,ssw
5104,eng
5105,eng
5106,ssw
5107,eng
5108,ssw
5109,ssw
5110,eng
5111,ssw
5112,eng
5113,eng
5114,eng
5115,nbl
5116,eng
5117,eng
5118,eng
5119,eng
5120,eng
5121,eng
5122,eng
5123,eng
5124,eng
5125,eng
5126,eng
5127,xho
5128,xho
5129,ssw
5130,xho
5131,eng
5132,eng
5133,xho
5134,xho
5135,ssw
5136,ssw
5137,xho
5138,eng
5139,xho
5140,ssw
5141,xho
5142,eng
5143,ssw
5144,eng
5145,ssw
5146,eng
5147,xho
5148,ssw
5149,ssw
5150,eng
5151,eng
5152,eng
5153,eng
5154,ssw
5155,ssw
5156,eng
5157,ssw
5158,xho
5159,xho
5160,eng
5161,eng
5162,ssw
5163,ssw
5164,ssw
5165,eng
5166,eng
5167,xho
5168,eng
5169,ssw
5170,ssw
5171,ssw
5172,ssw
5173,eng
5174,nbl
5175,eng
5176,ssw
5177,ssw
5178,ssw
5179,ssw
5180,ssw
5181,ssw
5182,eng
5183,eng
5184,ssw
5185,eng
5186,eng
5187,ssw
5188,ssw
5189,ssw
5190,xho
5191,eng
5192,eng
5193,xho
5194,eng
5195,ssw
5196,ssw
5197,eng
5198,eng
5199,eng
5200,eng
5201,eng
5202,eng
5203,eng
5204,eng
5205,eng
5206,eng
5207,eng
5208,nbl
5209,ssw
5210,ssw
5211,xho
5212,ssw
5213,ssw
5214,eng
5215,eng
5216,eng
5217,eng
5218,eng
5219,ssw
5220,eng
5221,xho
5222,ssw
5223,eng
5224,xho
5225,eng
5226,eng
5227,ssw
5228,eng
5229,eng
5230,eng
5231,ssw
5232,ssw
5233,ssw
5234,xho
5235,eng
5236,eng
5237,eng
5238,eng
5239,xho
5240,eng
5241,eng
5242,ssw
5243,ssw
5244,ssw
5245,eng
5246,eng
5247,eng
5248,eng
5249,ssw
5250,eng
5251,eng
5252,eng
5253,eng
5254,eng
5255,eng
5256,ssw
5257,eng
5258,eng
5259,ssw
5260,eng
5261,eng
5262,eng
5263,eng
5264,xho
5265,eng
5266,ssw
5267,xho
5268,ssw
5269,eng
5270,ssw
5271,eng
5272,nbl
5273,eng
5274,ssw
5275,eng
5276,ssw
5277,eng
5278,ssw
5279,eng
5280,ssw
5281,eng
5282,eng
5283,eng
5284,eng
5285,eng
5286,eng
5287,eng
5288,ssw
5289,ssw
5290,ssw
5291,eng
5292,eng
5293,eng
5294,xho
5295,eng
5296,ssw
5297,xho
5298,eng
5299,eng
5300,eng
5301,eng
5302,eng
5303,ssw
5304,eng
5305,ssw
5306,eng
5307,xho
5308,eng
5309,eng
5310,eng
5311,eng
5312,ssw
5313,eng
5314,nbl
5315,xho
5316,eng
5317,eng
5318,ssw
5319,eng
5320,eng
5321,eng
5322,eng
5323,eng
5324,eng
5325,ssw
5326,ssw
5327,eng
5328,eng
5329,ssw
5330,xho
5331,eng
5332,eng
5333,eng
5334,eng
5335,zul
5336,eng
5337,eng
5338,ssw
5339,eng
5340,eng
5341,eng
5342,nbl
5343,eng
5344,eng
5345,eng
5346,eng
5347,eng
5348,eng
5349,ssw
5350,eng
5351,eng
5352,ssw
5353,eng
5354,eng
5355,ssw
5356,eng
5357,ssw
5358,eng
5359,eng
5360,ssw
5361,ssw
5362,xho
5363,eng
5364,eng
5365,eng
5366,eng
5367,eng
5368,ssw
5369,xho
5370,eng
5371,ssw
5372,eng
5373,eng
5374,ssw
5375,eng
5376,eng
5377,eng
5378,ssw
5379,ssw
5380,ssw
5381,eng
5382,eng
5383,nbl
5384,ssw
5385,ssw
5386,eng
5387,eng
5388,eng
5389,xho
5390,ssw
5391,ssw
5392,eng
5393,eng
5394,eng
5395,eng
5396,ssw
5397,eng
5398,eng
5399,ssw
5400,xho
5401,eng
5402,eng
5403,eng
5404,ssw
5405,eng
5406,ssw
5407,eng
5408,eng
5409,eng
5410,ssw
5411,eng
5412,xho
5413,ssw
5414,eng
5415,ssw
5416,ssw
5417,eng
5418,ssw
5419,eng
5420,xho
5421,eng
5422,eng
5423,eng
5424,xho
5425,ssw
5426,eng
5427,ssw
5428,nbl
5429,eng
5430,eng
5431,eng
5432,eng
5433,eng
5434,ssw
5435,eng
5436,eng
5437,eng
5438,eng
5439,ssw
5440,eng
5441,eng
5442,ssw
5443,nbl
5444,nbl
5445,eng
5446,eng
5447,eng
5448,eng
5449,eng
5450,nbl
5451,xho
5452,ssw
5453,zul
5454,ssw
5455,eng
5456,eng
5457,nbl
5458,ssw
5459,eng
5460,eng
5461,eng
5462,nbl
5463,eng
5464,eng
5465,ssw
5466,ssw
5467,eng
5468,eng
5469,ssw
5470,zul
5471,ssw
5472,eng
5473,eng
5474,eng
5475,ssw
5476,nbl
5477,ssw
5478,ssw
5479,eng
5480,eng
5481,ssw
5482,eng
5483,eng
5484,eng
5485,ssw
5486,zul
5487,xho
5488,ssw
5489,nbl
5490,ssw
5491,ssw
5492,ssw
5493,eng
5494,ssw
5495,eng
5496,ssw
5497,eng
5498,ssw
5499,xho
5500,xho
5501,eng
5502,eng
5503,ssw
5504,eng
5505,eng
5506,nbl
5507,ssw
5508,eng
5509,eng
5510,eng
5511,ssw
5512,zul
5513,eng
5514,nbl
5515,ssw
5516,xho
5517,xho
5518,ssw
5519,eng
5520,ssw
5521,eng
5522,nbl
5523,eng
5524,eng
5525,ssw
5526,ssw
5527,eng
5528,eng
5529,ssw
5530,eng
5531,eng
5532,eng
5533,ssw
5534,ssw
5535,ssw
5536,eng
5537,eng
5538,eng
5539,ssw
5540,zul
5541,ssw
5542,eng
5543,eng
5544,ssw
5545,eng
5546,ssw
5547,eng
5548,eng
5549,eng
5550,eng
5551,eng
5552,eng
5553,eng
5554,nbl
5555,ssw
5556,ssw
5557,xho
5558,ssw
5559,ssw
5560,eng
5561,ssw
5562,eng
5563,eng
5564,ssw
5565,eng
5566,eng
5567,eng
5568,ssw
5569,eng
5570,ssw
5571,xho
5572,nbl
5573,ssw
5574,zul
5575,eng
5576,eng
5577,ssw
5578,eng
5579,ssw
5580,eng
5581,ssw
5582,eng
5583,eng
5584,eng
5585,eng
5586,eng
5587,eng
5588,eng
5589,eng
5590,ssw
5591,eng
5592,eng
5593,xho
5594,eng
5595,eng
5596,eng
5597,ssw
5598,eng
5599,ssw
5600,eng
5601,eng
5602,eng
5603,xho
5604,eng
5605,ssw
5606,ssw
5607,eng
5608,ssw
5609,eng
5610,eng
5611,eng
5612,ssw
5613,eng
5614,eng
5615,ssw
5616,eng
5617,xho
5618,ssw
5619,ssw
5620,nbl
5621,ssw
5622,ssw
5623,eng
5624,ssw
5625,xho
5626,ssw
5627,eng
5628,ssw
5629,eng
5630,eng
5631,eng
5632,xho
5633,ssw
5634,eng
5635,xho
5636,xho
5637,eng
5638,ssw
5639,eng
5640,eng
5641,xho
5642,eng
5643,nbl
5644,ssw
5645,eng
5646,ssw
5647,ssw
5648,eng
5649,eng
5650,ssw
5651,eng
5652,eng
5653,ssw
5654,eng
5655,eng
5656,eng
5657,ssw
5658,eng
5659,ssw
5660,ssw
5661,eng
5662,eng
5663,eng
5664,ssw
5665,ssw
5666,eng
5667,ssw
5668,ssw
5669,eng
5670,eng
5671,ssw
5672,eng
5673,eng
5674,ssw
5675,eng
5676,ssw
5677,xho
5678,eng
5679,xho
5680,eng
5681,xho
5682,eng
